{"cameraMode":{"drawMode":0,"name":"Shaded","section":"Shading Mode"},"sceneLighting":true,"audioPlay":false,"sceneViewState":{"showFog":true,"showMaterialUpdate":true,"showSkybox":true,"showFlares":true,"showImageEffects":true,"showParticleSystems":true},"in2DMode":false,"pivot":{"x":0.004158399999141693,"y":-0.1519027054309845,"z":-0.020557325333356859},"rotation":{"x":0.018977144733071328,"y":-0.9083077907562256,"z":0.41581061482429507,"w":0.04145343601703644},"size":0.15297698974609376,"orthographic":false}