{"cameraMode":{"drawMode":0,"name":"Shaded","section":"Shading Mode"},"sceneLighting":false,"audioPlay":false,"sceneViewState":{"showFog":true,"showMaterialUpdate":true,"showSkybox":true,"showFlares":true,"showImageEffects":true,"showParticleSystems":true},"in2DMode":false,"pivot":{"x":-0.07154345512390137,"y":1.2173445224761963,"z":2.0},"rotation":{"x":-0.014083199203014374,"y":0.9525919556617737,"z":-0.04462308809161186,"w":-0.3006311058998108},"size":7.285100936889648,"orthographic":false}