{"cameraMode":{"drawMode":0,"name":"Shaded","section":"Shading Mode"},"sceneLighting":false,"audioPlay":false,"sceneViewState":{"showFog":true,"showMaterialUpdate":true,"showSkybox":true,"showFlares":true,"showImageEffects":true,"showParticleSystems":true},"in2DMode":false,"pivot":{"x":0.0,"y":1.2173445224761963,"z":6.976118087768555},"rotation":{"x":0.01111694611608982,"y":0.9874908328056336,"z":-0.13443805277347566,"w":0.08163773268461228},"size":7.085560321807861,"orthographic":false}