{"cameraMode":{"drawMode":0,"name":"Shaded","section":"Shading Mode"},"sceneLighting":false,"audioPlay":false,"sceneViewState":{"showFog":true,"showMaterialUpdate":false,"showSkybox":true,"showFlares":true,"showImageEffects":true,"showParticleSystems":true},"in2DMode":false,"pivot":{"x":-1.7548537254333497,"y":2.8299999237060549,"z":1.2936872243881226},"rotation":{"x":-0.5946773290634155,"y":-0.08232089132070542,"z":0.06144709885120392,"w":-0.7973747849464417},"size":4.041658401489258,"orthographic":false}