{"cameraMode":{"drawMode":0,"name":"Shaded","section":"Shading Mode"},"sceneLighting":false,"audioPlay":false,"sceneViewState":{"showFog":true,"showMaterialUpdate":false,"showSkybox":true,"showFlares":true,"showImageEffects":true,"showParticleSystems":true},"in2DMode":false,"pivot":{"x":-2.666872501373291,"y":0.48353254795074465,"z":4.3850836753845219},"rotation":{"x":-0.03385369852185249,"y":-0.9659996628761292,"z":0.18958917260169984,"w":-0.17249521613121034},"size":2.798983335494995,"orthographic":false}