{"cameraMode":{"drawMode":0,"name":"Shaded","section":"Shading Mode"},"sceneLighting":false,"audioPlay":false,"sceneViewState":{"showFog":true,"showMaterialUpdate":false,"showSkybox":true,"showFlares":true,"showImageEffects":true,"showParticleSystems":true},"in2DMode":false,"pivot":{"x":0.005845069885253906,"y":2.8945705890655519,"z":-2.4983532428741457},"rotation":{"x":0.04540685564279556,"y":-0.8651001453399658,"z":0.07964634895324707,"w":0.49314969778060915},"size":37.91254425048828,"orthographic":false}