{"cameraMode":{"drawMode":0,"name":"Shaded","section":"Shading Mode"},"sceneLighting":false,"audioPlay":false,"sceneViewState":{"showFog":true,"showMaterialUpdate":false,"showSkybox":true,"showFlares":true,"showImageEffects":true,"showParticleSystems":true},"in2DMode":false,"pivot":{"x":-37.959999084472659,"y":0.9500000476837158,"z":-37.189998626708987},"rotation":{"x":-0.7247788310050964,"y":-0.021055210381746293,"z":0.02222823165357113,"w":-0.6883010268211365},"size":4.041658401489258,"orthographic":false}