{"cameraMode":{"drawMode":0,"name":"Shaded","section":"Shading Mode"},"sceneLighting":false,"audioPlay":false,"sceneViewState":{"showFog":true,"showMaterialUpdate":false,"showSkybox":true,"showFlares":true,"showImageEffects":true,"showParticleSystems":true},"in2DMode":false,"pivot":{"x":-0.46000003814697268,"y":5.639999866485596,"z":8.663305282592774},"rotation":{"x":-0.10751910507678986,"y":-0.8059056997299194,"z":0.15443749725818635,"w":-0.5613419413566589},"size":24.52059555053711,"orthographic":false}